{"stat.useItem.minecraft.bow":43,"stat.leaveGame":15,"stat.useItem.minecraft.bookshelf":18,"stat.craftItem.minecraft.iron_axe":4,"stat.useItem.minecraft.glowstone":7,"stat.killEntity.PigZombie":3,"stat.useItem.minecraft.planks":77,"stat.mineBlock.minecraft.web":24,"stat.useItem.minecraft.water_bucket":51,"stat.craftItem.minecraft.stone_axe":2,"achievement.diamonds":27,"stat.killEntity.Enderman":2,"stat.mineBlock.minecraft.wooden_slab":38,"stat.useItem.minecraft.anvil":1,"stat.useItem.minecraft.ender_pearl":1,"stat.craftItem.minecraft.iron_shovel":1,"achievement.buildPickaxe":15,"stat.mineBlock.minecraft.sand":35,"achievement.buildBetterPickaxe":15,"stat.hopperInspected":10,"stat.useItem.minecraft.iron_pickaxe":202,"stat.useItem.minecraft.iron_shovel":392,"stat.breakItem.minecraft.flint_and_steel":1,"stat.craftItem.minecraft.bed":2,"achievement.breedCow":2,"stat.craftItem.minecraft.golden_carrot":2,"stat.furnaceInteraction":91,"stat.mineBlock.minecraft.rail":2,"stat.useItem.minecraft.pumpkin_seeds":24,"stat.craftItem.minecraft.pumpkin_seeds":24,"achievement.mineWood":769,"stat.useItem.minecraft.fence":13,"achievement.openInventory":485,"stat.useItem.minecraft.flint_and_steel":65,"stat.mineBlock.minecraft.fence":15,"stat.useItem.minecraft.wheat_seeds":97,"stat.useItem.minecraft.hopper":2,"stat.useItem.minecraft.dye":81,"stat.deaths":2,"stat.playOneMinute":486373,"stat.craftItem.minecraft.iron_pickaxe":2,"stat.useItem.minecraft.shears":649,"stat.mineBlock.minecraft.tallgrass":491,"stat.chestOpened":344,"stat.useItem.minecraft.stone":60,"stat.mineBlock.minecraft.netherrack":607,"stat.craftItem.minecraft.quartz_block":70,"stat.craftItem.minecraft.coal":11,"stat.craftItem.minecraft.iron_hoe":1,"stat.fallOneCm":168759,"stat.crouchOneCm":39423,"achievement.killCow":23,"stat.craftItem.minecraft.iron_ingot":53,"stat.craftItem.minecraft.chest":7,"stat.useItem.minecraft.iron_hoe":81,"stat.craftItem.minecraft.hopper":2,"stat.craftingTableInteraction":90,"stat.useItem.minecraft.furnace":8,"stat.useItem.minecraft.reeds":12,"stat.mineBlock.minecraft.gravel":30,"stat.useItem.minecraft.stone_pickaxe":64,"stat.breakItem.minecraft.stone_axe":1,"stat.craftItem.minecraft.iron_leggings":1,"stat.useItem.minecraft.enchanting_table":1,"stat.mineBlock.minecraft.dirt":490,"stat.useItem.minecraft.torch":329,"stat.useItem.minecraft.bread":11,"stat.craftItem.minecraft.redstone_block":1,"stat.useItem.minecraft.log":289,"stat.useItem.minecraft.cobblestone":335,"stat.craftItem.minecraft.crafting_table":3,"stat.useItem.minecraft.gravel":3,"stat.mineBlock.minecraft.double_plant":29,"stat.killEntity.LavaSlime":3,"stat.craftItem.minecraft.stone_button":2,"stat.craftItem.minecraft.gold_ingot":2,"achievement.portal":8,"stat.craftItem.minecraft.bucket":1,"stat.craftItem.minecraft.planks":612,"stat.useItem.minecraft.iron_sword":611,"stat.itemEnchanted":6,"stat.mineBlock.minecraft.log":795,"stat.craftItem.minecraft.cooked_chicken":10,"stat.useItem.minecraft.stone_hoe":132,"achievement.acquireIron":20,"stat.craftItem.minecraft.sugar":9,"stat.useItem.minecraft.baked_potato":93,"stat.craftItem.minecraft.enchanting_table":1,"stat.horseOneCm":198764,"stat.useItem.minecraft.iron_axe":951,"stat.mineBlock.minecraft.cobblestone":118,"stat.mineBlock.minecraft.pumpkin":8,"stat.mineBlock.minecraft.yellow_flower":2,"stat.craftItem.minecraft.wool":8,"stat.swimOneCm":132630,"stat.climbOneCm":38795,"achievement.buildWorkBench":4,"stat.useItem.minecraft.obsidian":11,"stat.useItem.minecraft.dirt":460,"achievement.exploreAllBiomes":{"value":0,"progress":["Birch Forest Hills","ForestHills","Beach","Birch Forest","Roofed Forest","River","Forest","Plains","Taiga","Extreme Hills","TaigaHills","Hell"]},"stat.craftItem.minecraft.furnace":8,"stat.useItem.minecraft.egg":32,"stat.craftItem.minecraft.iron_boots":1,"stat.craftItem.minecraft.stone_pickaxe":3,"stat.craftItem.minecraft.cooked_beef":15,"stat.mineBlock.minecraft.obsidian":16,"stat.mineBlock.minecraft.redstone_block":3,"stat.flyOneCm":987871,"stat.useItem.minecraft.cooked_beef":12,"stat.craftItem.minecraft.wooden_slab":150,"stat.mineBlock.minecraft.iron_ore":220,"stat.timeSinceDeath":107229,"stat.useItem.minecraft.wooden_slab":97,"stat.craftItem.minecraft.iron_block":3,"stat.killEntity.Bat":3,"stat.useItem.minecraft.potato":219,"stat.mineBlock.minecraft.enchanting_table":1,"stat.mineBlock.minecraft.coal_ore":87,"stat.killEntity.Creeper":16,"stat.talkedToVillager":6,"stat.craftItem.minecraft.stone_hoe":1,"stat.breakItem.minecraft.iron_sword":2,"achievement.buildSword":8,"stat.sprintOneCm":1772116,"stat.mineBlock.minecraft.stone_slab":3,"stat.craftItem.minecraft.stick":124,"stat.useItem.minecraft.stone_slab":26,"stat.useItem.minecraft.bed":2,"stat.craftItem.minecraft.stone":35,"stat.craftItem.minecraft.gold_nugget":18,"stat.mineBlock.minecraft.diamond_ore":27,"stat.mineBlock.minecraft.crafting_table":1,"stat.useItem.minecraft.diamond_pickaxe":2493,"stat.useItem.minecraft.carrot":122,"stat.useItem.minecraft.bucket":52,"achievement.killEnemy":145,"stat.breakItem.minecraft.shears":2,"achievement.buildFurnace":14,"stat.mineBlock.minecraft.planks":10,"stat.drop":40,"stat.killEntity.Sheep":3,"stat.breakItem.minecraft.iron_shovel":1,"stat.craftItem.minecraft.diamond_pickaxe":4,"stat.killEntity.Zombie":70,"stat.craftItem.minecraft.dye":81,"stat.craftItem.minecraft.diamond_axe":1,"stat.mineBlock.minecraft.gold_ore":51,"stat.diveOneCm":53675,"stat.mineBlock.minecraft.mossy_cobblestone":14,"achievement.buildHoe":3,"stat.mineBlock.minecraft.anvil":1,"stat.useItem.minecraft.diamond_axe":67,"stat.useItem.minecraft.apple":14,"stat.useItem.minecraft.porkchop":2,"stat.useItem.minecraft.rotten_flesh":21,"stat.craftItem.minecraft.diamond_sword":2,"stat.jump":6028,"stat.useItem.minecraft.sand":14,"stat.useItem.minecraft.stone_axe":259,"stat.craftItem.minecraft.bread":2,"stat.craftItem.minecraft.torch":320,"stat.craftItem.minecraft.iron_helmet":1,"achievement.makeBread":4,"stat.useItem.minecraft.stone_button":2,"stat.useItem.minecraft.cooked_chicken":7,"stat.useItem.minecraft.sapling":116,"stat.mineBlock.minecraft.lapis_ore":18,"stat.craftItem.minecraft.flint_and_steel":1,"stat.mineBlock.minecraft.glass_pane":2,"stat.mineBlock.minecraft.stone_stairs":1,"stat.damageTaken":5217,"stat.mineBlock.minecraft.red_flower":1,"stat.mineBlock.minecraft.torch":16,"stat.mineBlock.minecraft.sapling":22,"stat.craftItem.minecraft.glowstone":7,"stat.killEntity.CaveSpider":2,"stat.damageDealt":46380,"stat.craftItem.minecraft.baked_potato":10,"stat.craftItem.minecraft.anvil":1,"stat.killEntity.Cow":36,"stat.useItem.minecraft.crafting_table":3,"stat.killEntity.Pig":24,"stat.craftItem.minecraft.iron_sword":3,"stat.craftItem.minecraft.stone_slab":66,"stat.walkOneCm":3348114,"stat.animalsBred":7,"stat.useItem.minecraft.chest":4,"stat.playerKills":1,"stat.useItem.minecraft.tnt":3,"achievement.enchantments":2,"stat.useItem.minecraft.redstone_block":4,"stat.craftItem.minecraft.iron_chestplate":1,"stat.useItem.minecraft.leaves":94,"stat.breakItem.minecraft.stone_hoe":1,"stat.killEntity.Skeleton":42,"stat.mineBlock.minecraft.tnt":1,"stat.craftItem.minecraft.bookshelf":18,"stat.killEntity.Chicken":14,"stat.killEntity.Spider":15,"stat.mineBlock.minecraft.quartz_ore":367,"stat.craftItem.minecraft.tnt":2,"stat.mineBlock.minecraft.glowstone":10,"stat.mobKills":234,"stat.mineBlock.minecraft.bookshelf":32,"stat.craftItem.minecraft.shears":4,"stat.breakItem.minecraft.iron_axe":4,"stat.mineBlock.minecraft.leaves":993,"achievement.bookcase":36,"stat.mineBlock.minecraft.redstone_ore":12,"stat.mineBlock.minecraft.stone":928}