{"stats":{"minecraft:custom":{"minecraft:interact_with_furnace":45,"minecraft:mob_kills":47,"minecraft:inspect_hopper":9,"minecraft:interact_with_crafting_table":52,"minecraft:leave_game":8,"minecraft:time_since_death":96248,"minecraft:climb_one_cm":118249,"minecraft:time_since_rest":147,"minecraft:sprint_one_cm":190130,"minecraft:damage_taken":5819,"minecraft:walk_one_cm":3847301,"minecraft:drop":11,"minecraft:damage_dealt":11820,"minecraft:talked_to_villager":6,"minecraft:player_kills":1,"minecraft:fly_one_cm":92516,"minecraft:open_chest":321,"minecraft:crouch_one_cm":25650,"minecraft:play_time":551335,"minecraft:deaths":6,"minecraft:walk_under_water_one_cm":29442,"minecraft:jump":3374,"minecraft:total_world_time":160,"minecraft:walk_on_water_one_cm":146781,"minecraft:enchant_item":2,"minecraft:fall_one_cm":92290,"minecraft:horse_one_cm":91635},"minecraft:killed":{"minecraft:rabbit":1,"minecraft:spider":10,"minecraft:creeper":4,"minecraft:skeleton":7,"minecraft:zombie":23},"minecraft:used":{"minecraft:oak_fence":74,"minecraft:wheat_seeds":136,"minecraft:cooked_mutton":4,"minecraft:water_bucket":15,"minecraft:ink_sac":51,"minecraft:stone_sword":32,"minecraft:iron_shovel":357,"minecraft:spruce_door":1,"minecraft:rabbit":1,"minecraft:carved_pumpkin":16,"minecraft:baked_potato":30,"minecraft:stone_pickaxe":347,"minecraft:oak_planks":901,"minecraft:ladder":95,"minecraft:chest":23,"minecraft:wooden_pickaxe":32,"minecraft:iron_sword":66,"minecraft:stone":446,"minecraft:redstone_block":5,"minecraft:sugar_cane":20,"minecraft:cooked_chicken":5,"minecraft:rotten_flesh":34,"minecraft:oak_leaves":34,"minecraft:torch":249,"minecraft:dirt":262,"minecraft:sand":3,"minecraft:oak_slab":3,"minecraft:hopper":1,"minecraft:crafting_table":4,"minecraft:carrot":15,"minecraft:spider_eye":1,"minecraft:shears":706,"minecraft:oak_log":1012,"minecraft:iron_hoe":171,"minecraft:diamond_pickaxe":14,"minecraft:apple":3,"minecraft:coal_ore":14,"minecraft:iron_axe":2067,"minecraft:oak_stairs":64,"minecraft:bread":6,"minecraft:iron_pickaxe":1317,"minecraft:stone_axe":55,"minecraft:gravel":9,"minecraft:stone_bricks":100,"minecraft:cobblestone":103,"minecraft:oak_sapling":533,"minecraft:furnace":2,"minecraft:cooked_porkchop":1,"minecraft:bucket":15,"minecraft:egg":14,"minecraft:cooked_beef":3,"minecraft:potato":56},"minecraft:killed_by":{"minecraft:zombie":1},"minecraft:broken":{"minecraft:stone_pickaxe":3,"minecraft:iron_shovel":1,"minecraft:iron_axe":8,"minecraft:stone_axe":1,"minecraft:shears":2,"minecraft:iron_pickaxe":6,"minecraft:iron_hoe":1},"minecraft:mined":{"minecraft:oak_slab":3,"minecraft:diamond_ore":5,"minecraft:redstone_block":2,"minecraft:brown_mushroom":6,"minecraft:oak_sapling":85,"minecraft:glass_pane":13,"minecraft:mossy_cobblestone":24,"minecraft:cobblestone_stairs":4,"minecraft:dandelion":1,"minecraft:oak_fence":7,"minecraft:carved_pumpkin":30,"minecraft:crafting_table":1,"minecraft:ladder":40,"minecraft:stone_button":2,"minecraft:chest":11,"minecraft:dead_bush":149,"minecraft:cobblestone":157,"minecraft:lapis_ore":3,"minecraft:oak_planks":43,"minecraft:wall_torch":29,"minecraft:redstone_ore":4,"minecraft:iron_ore":111,"minecraft:tnt":2,"minecraft:bookshelf":7,"minecraft:oak_log":1985,"minecraft:coal_ore":246,"minecraft:rail":117,"minecraft:sunflower":23,"minecraft:gravel":13,"minecraft:sand":7,"minecraft:dirt":437,"minecraft:cobweb":4,"minecraft:stone_bricks":4,"minecraft:stone":953,"minecraft:gold_ore":11,"minecraft:oak_leaves":3098},"minecraft:crafted":{"minecraft:oak_planks":1704,"minecraft:crafting_table":3,"minecraft:wooden_pickaxe":1,"minecraft:iron_helmet":1,"minecraft:spruce_door":3,"minecraft:furnace":1,"minecraft:stone":642,"minecraft:jack_o_lantern":17,"minecraft:bucket":2,"minecraft:bread":8,"minecraft:hopper":1,"minecraft:iron_boots":1,"minecraft:iron_chestplate":1,"minecraft:iron_axe":8,"minecraft:ladder":78,"minecraft:iron_hoe":1,"minecraft:stick":392,"minecraft:iron_ingot":78,"minecraft:iron_pickaxe":5,"minecraft:stone_pickaxe":2,"minecraft:oak_stairs":88,"minecraft:stone_sword":1,"minecraft:chest":13,"minecraft:gold_ingot":3,"minecraft:iron_shovel":3,"minecraft:iron_leggings":1,"minecraft:redstone_block":7,"minecraft:torch":212,"minecraft:stone_bricks":144,"minecraft:oak_fence":159,"minecraft:shears":3,"minecraft:ink_sac":51}},"DataVersion":4189}