{"stats":{"minecraft:custom":{"minecraft:jump":8,"minecraft:open_chest":11,"minecraft:time_since_rest":3707,"minecraft:interact_with_furnace":1,"minecraft:crouch_one_cm":37,"minecraft:leave_game":3,"minecraft:play_time":3707,"minecraft:sprint_one_cm":4166,"minecraft:time_since_death":3707,"minecraft:walk_one_cm":9665,"minecraft:sneak_time":376,"minecraft:trigger_trapped_chest":1,"minecraft:total_world_time":3752,"minecraft:interact_with_crafting_table":1,"minecraft:fly_one_cm":88980}},"DataVersion":4189}